<?xml version="1.0" encoding="UTF-8"?>

<?xml-model href="http://pds.nasa.gov/pds4/pds/v1/PDS4_PDS_1C00.sch"
    schematypens="http://purl.oclc.org/dsdl/schematron"?>
<?xml-model href="http://pds.nasa.gov/pds4/disp/v1/PDS4_DISP_1B00.sch"
    schemetypens="http://purl.oclc.org/dsdl/schematron"?>
<?xml-model href="http://pds.nasa.gov/pds4/img/v1/PDS4_IMG_1D00_1730.sch"
    schemetypens="http://purl.oclc.org/dsdl/schematron"?>
<?xml-model 
	  href="./PDS4_LRO_1D00_1000.sch" 
	    schematypens="http://purl.oclc.org/dsdl/schematron"?>

<Product_Observational
    xmlns="http://pds.nasa.gov/pds4/pds/v1"
    xmlns:pds="http://pds.nasa.gov/pds4/pds/v1"
    xmlns:lro="http://pds.nasa.gov/pds4/mission/lro/v1"
    xmlns:disp="http://pds.nasa.gov/pds4/disp/v1"
    xmlns:img="http://pds.nasa.gov/pds4/img/v1" 
    xmlns:xsi="http://www.w3.org/2001/XMLSchema-instance"
    
    xsi:schemaLocation="http://pds.nasa.gov/pds4/pds/v1 http://pds.nasa.gov/pds4/pds/v1/PDS4_PDS_1C00.xsd
                        http://pds.nasa.gov/pds4/disp/v1 http://pds.nasa.gov/pds4/disp/v1/PDS4_DISP_1B00.xsd
                        http://pds.nasa.gov/pds4/mission/lro/v1 ./PDS4_LRO_1D00_1000.xsd
                        http://pds.nasa.gov/pds4/img/v1 http://pds.nasa.gov/pds4/img/v1/PDS4_IMG_1D00_1730.xsd">

    <Identification_Area>
        <logical_identifier>urn:nasa:pds:bundle_naming_tbd:collection_naming_tbd:m1317874526le</logical_identifier>
        <version_id>1.0</version_id>
        <title>LUNAR RECONNAISSANCE ORBITER CAMERA NAC EDR product</title>
        <information_model_version>1.12.0.0</information_model_version>
        <product_class>Product_Observational</product_class>
        <Alias_List>
            <Alias>
                <alternate_id>M1317874526LE.IMG</alternate_id>
                <comment>Original filename at PDS3 archive, on-line at LROC Node</comment>
            </Alias>
            <Alias>
                <alternate_id>nacl00215a4e</alternate_id>
                <comment>PDS3 SOURCE_PRODUCT_ID</comment>
            </Alias>
        </Alias_List>
        <Modification_History>
            <Modification_Detail>
                <modification_date>2019-11-25</modification_date>
                <version_id>1.0</version_id>
                <description>
                    This PDS4 labeled (detached label) product (orig PDS3 image) is a result
                    of develpment activity for eventual LUNAR RECONNAISSANCE ORBITER CAMERA NAC EDR migration to PDS4.
                </description>
            </Modification_Detail>
        </Modification_History>
    </Identification_Area>

    <Observation_Area>
        <Time_Coordinates>
            <start_date_time>2019-07-16T00:00:58.787Z</start_date_time>
            <stop_date_time>2019-07-16T00:01:16.498Z</stop_date_time>
        </Time_Coordinates>
        <Primary_Result_Summary>
            <purpose>Science</purpose>
            <processing_level>Partially Processed</processing_level>
            <description>The Lunar Reconnaissance Orbiter Camera (LROC) Wide Angle Camera (WAC) and Narrow Angle Cameras (NACs) 
                are on the NASA Lunar Reconnaissance Orbiter (LRO). The WAC is a 7-color push-frame camera (100 and 400 m/pixel 
                visible and UV, respectively), while the two NACs are monochrome narrow-angle linescan imagers (0.5 m/pixel). 
                The primary mission of LRO is to obtain measurements of the Moon that will enable future lunar human exploration.
                The overarching goals of the LROC investigation include landing site identification and certification, mapping 
                of permanently polar shadowed and sunlit regions, meter-scale mapping of polar regions, global multispectral 
                imaging, a global morphology base map, characterization of regolith properties, and determination of current 
                impact hazards.
            </description>
        </Primary_Result_Summary>
        <Investigation_Area>
            <name>Product_Observational</name>
            <type>Mission</type>
            <Internal_Reference>
                <lid_reference>urn:nasa:pds:context:investigation:mission.lunar_reconnaissance_orbiter</lid_reference>
                <reference_type>data_to_investigation</reference_type>
                <comment>This is the PDS4 logical identifier for LRO</comment>
            </Internal_Reference>
        </Investigation_Area>
        <Observing_System>
            <Observing_System_Component>
                <name>LUNAR RECONNAISSANCE ORBITER CAMERA</name>
                <type>Instrument</type>
                <Internal_Reference>
                    <lid_reference>urn:nasa:pds:context:instrument:lroc.lro</lid_reference>
                    <reference_type>is_instrument</reference_type>
                </Internal_Reference>
            </Observing_System_Component>
        </Observing_System>
        <Target_Identification>
            <name>Moon</name>
            <type>Satellite</type>
            <Internal_Reference>
                <lid_reference>urn:nasa:pds:context:target:satellite.earth.moon</lid_reference>
                <reference_type>data_to_target</reference_type>
            </Internal_Reference>
        </Target_Identification>

        <Mission_Area>
            <lro:LRO_Parameters>
                <!-- parameters for all LRO products -->
                <lro:product_type>CDR</lro:product_type>
                <lro:product_version_id>v1.9</lro:product_version_id> 
                <lro:orbit_number>45297</lro:orbit_number>
                <lro:mission_phase_name>THIRD EXTENDED SCIENCE MISSION</lro:mission_phase_name>
                <lro:spacecraft_clock_start_count>1/584928058:48971</lro:spacecraft_clock_start_count>
                <lro:spacecraft_clock_stop_count>1/584928076:29977</lro:spacecraft_clock_stop_count>
                <lro:producer_institution_name>Arizona State University</lro:producer_institution_name>
                
                <lro:LROC_Parameters>
                    <!-- Parameters specific to LROC -->
                    <lro:upload_id>SC_2019195_1600_B_V01.txt</lro:upload_id>
                    <lro:rationale_desc>TARGET OF OPPORTUNITY</lro:rationale_desc>
                    <lro:data_quality_id>0</lro:data_quality_id>
                    <lro:data_quality_desc>
                        The DATA_QUALITY_ID is set to an 8-bit value that encodes the following data quality information 
                        for the observation. For each bit  a value of 0 means FALSE and a value of 1 means TRUE. More 
                        information about the data quality ID can be found in the LROC EDR/CDR SIS, section 3.3 'Label 
                        and Header Descriptions'. Bit 1: Temperature of focal plane array is out of bounds. Bit 2: 
                        Threshold for saturated pixels is reached. Bit 3: Threshold for under-saturated pixels is 
                        reached. Bit 4: Observation is missing telemetry packets. Bit 5: SPICE information is bad or 
                        missing. Bit 6: Observation or housekeeping information is bad or missing. Bit 7: Spare. 
                        Bit 8: Spare.
                    </lro:data_quality_desc>
                    
                    <!-- NAC specific attributes -->
                    <lro:preroll_time>2019-07-16T00:00:58.440Z</lro:preroll_time>
                    <lro:spacecraft_clock_preroll_count>1/584928058:26214</lro:spacecraft_clock_preroll_count>
                    <lro:frame_id>LEFT</lro:frame_id>
                    
                    <!-- NAC environment attributes -->
                    <lro:temperature_scs unit="degC">6.54</lro:temperature_scs> 
                    <lro:temperature_fpa unit="degC">19.22</lro:temperature_fpa> 
                    <lro:temperature_fpga unit="degC">-10.20</lro:temperature_fpga> 
                    <lro:temperature_telescope unit="degC">15.16</lro:temperature_telescope>
                    <lro:temperature_scs_raw>2647</lro:temperature_scs_raw>
                    <lro:temperature_fpa_raw>2045</lro:temperature_fpa_raw>
                    <lro:temperature_fpga_raw>3347</lro:temperature_fpga_raw>
                    <lro:temperature_telescope_raw>2237</lro:temperature_telescope_raw>
                    
                    <!-- NAC imaging attributes -->
                    <lro:line_exposure_duration unit="ms">0.337600</lro:line_exposure_duration>
                    <lro:line_exposure_code>0</lro:line_exposure_code>
                    <lro:dac_reset_level>199</lro:dac_reset_level>
                    <lro:channel_a_offset>70</lro:channel_a_offset>
                    <lro:channel_b_offset>145</lro:channel_b_offset>
                    <lro:compand_code>3</lro:compand_code>
                    <lro:line_code>51</lro:line_code>
                    <lro:bterm1>0</lro:bterm1>
                    <lro:bterm2>16</lro:bterm2>
                    <lro:bterm3>69</lro:bterm3>
                    <lro:bterm4>103</lro:bterm4>
                    <lro:bterm5>128</lro:bterm5>
                    <lro:mterm1>0.5</lro:mterm1>
                    <lro:mterm2>0.25</lro:mterm2>
                    <lro:mterm3>0.125</lro:mterm3>
                    <lro:mterm4>0.0625</lro:mterm4>
                    <lro:mterm5>0.03125</lro:mterm5>
                    <lro:xterm1>0</lro:xterm1>
                    <lro:xterm2>64</lro:xterm2>
                    <lro:xterm3>424</lro:xterm3>
                    <lro:xterm4>536</lro:xterm4>
                    <lro:xterm5>800</lro:xterm5>
                    <lro:compression_flag>1</lro:compression_flag>
                    <lro:mode>7</lro:mode>
                    
                    
                </lro:LROC_Parameters>
            </lro:LRO_Parameters>
        </Mission_Area>
        
        <Discipline_Area>

            <img:Imaging>
                <Local_Internal_Reference>
                    <local_identifier_reference>DATA_FILE</local_identifier_reference>
                    <local_reference_type>imaging_parameters_to_image_object</local_reference_type>
                </Local_Internal_Reference>
                <img:Optical_Filter>
                    <img:bandwidth unit="nm">300</img:bandwidth>
                    <img:center_filter_wavelength unit="nm">600</img:center_filter_wavelength>
                </img:Optical_Filter>
                <img:Sampling>
                    <img:crosstrack_summing>1</img:crosstrack_summing>
                </img:Sampling>
            </img:Imaging>  
            
            <disp:Display_Settings>
                <Local_Internal_Reference>
                    <local_identifier_reference>Array_2D_Image</local_identifier_reference>
                    <local_reference_type>display_settings_to_array</local_reference_type>
                </Local_Internal_Reference>
                <disp:Display_Direction>
                    <disp:horizontal_display_axis>Sample</disp:horizontal_display_axis>
                    <disp:horizontal_display_direction>Left to Right</disp:horizontal_display_direction>
                    <disp:vertical_display_axis>Line</disp:vertical_display_axis>
                    <disp:vertical_display_direction>Top to Bottom</disp:vertical_display_direction>
                </disp:Display_Direction>
            </disp:Display_Settings>
        </Discipline_Area>
    </Observation_Area>
    <Reference_List>
        <External_Reference>
            <doi>10.1007/s11214-010-9634-2</doi>
            <reference_text>Robinson, M. S.; Brylow, S. M.; Tschimmel, M.; Humm, D.; Lawrence, S. J.; Thomas, P. C.; 
                Denevi, B. W.; Bowman-Cisneros, E.; Zerr, J.; Ravine, M. A.; Caplinger, M. A.; Ghaemi, F. T.; Schaffner, J. A.; 
                Malin, M. C.; Mahanti, P.; Bartels, A.; Anderson, J.; Tran, T. N.; Eliason, E. M.; McEwen, A. S. Turtle, E.; 
                Jolliff, B. L.; Hiesinger, H., 2010, "Lunar Reconnaissance Orbiter Camera (LROC) Instrument Overview", Space 
                Science Reviews, Volume 150, Issue 1-4, pp. 81-124
            </reference_text>
            <description>instrument overview</description>
        </External_Reference>
    </Reference_List>
    <File_Area_Observational>
        <File>
            <file_name>M1317874526LE.IMG</file_name>
            <local_identifier>DATA_FILE</local_identifier>
            <creation_date_time>2019-07-18T19:37:58Z</creation_date_time>
            <file_size unit="byte">264467400</file_size>
            <md5_checksum>49d17dc13c44775a8edd152432a61c27</md5_checksum>
            <comment>LUNAR RECONNAISSANCE ORBITER CAMERA NAC EDR product.</comment>
        </File>
        <Header>
            <offset unit="byte">0</offset>
            <object_length unit="byte">5064</object_length>
            <parsing_standard_id>PDS3</parsing_standard_id>
            <description>PDS3 attached header</description>
        </Header>
        <Array_2D_Image>
            <local_identifier>Array_2D_Image</local_identifier>
            <offset unit="byte">5064</offset>
            <axes>2</axes>
            <axis_index_order>Last Index Fastest</axis_index_order>
            <Element_Array>
                <data_type>UnsignedByte</data_type>
                <unit>RAW_INSTRUMENT_COUNT</unit>
            </Element_Array>
                <Axis_Array>
                <axis_name>Line</axis_name>
                <elements>52224</elements>
                <sequence_number>1</sequence_number>
            </Axis_Array>
            <Axis_Array>
                <axis_name>Sample</axis_name>
                <elements>5064</elements>
                <sequence_number>2</sequence_number>
            </Axis_Array>
        </Array_2D_Image>
    </File_Area_Observational>

</Product_Observational>