<?xml version="1.0" encoding="UTF-8"?>

<?xml-model href="https://pds.nasa.gov/pds4/pds/v1/PDS4_PDS_1D00.sch"
    schematypens="http://purl.oclc.org/dsdl/schematron"?>
<?xml-model href="http://pds.nasa.gov/pds4/cart/v1/PDS4_CART_1D00_1933.sch"
    schemetypens="http://purl.oclc.org/dsdl/schematron"?>

<Product_Observational
    xmlns="http://pds.nasa.gov/pds4/pds/v1"
    xmlns:pds="http://pds.nasa.gov/pds4/pds/v1"
    xmlns:cart="http://pds.nasa.gov/pds4/cart/v1"
    xmlns:xsi="http://www.w3.org/2001/XMLSchema-instance"
    
    xsi:schemaLocation="http://pds.nasa.gov/pds4/pds/v1 https://pds.nasa.gov/pds4/pds/v1/PDS4_PDS_1D00.xsd
                        http://pds.nasa.gov/pds4/cart/v1 http://pds.nasa.gov/pds4/cart/v1/PDS4_CART_1D00_1933.xsd">

    <Identification_Area>
        <logical_identifier>urn:nasa:pds:bundle_naming_tbd:collection_naming_tbd:copernican_craters_360</logical_identifier>
        <version_id>1.0</version_id>
        <title>LUNAR RECONNAISSANCE ORBITER CAMERA Shapefile product</title>
        <information_model_version>1.13.0.0</information_model_version>
        <product_class>Product_Observational</product_class>
        <Alias_List>
            <Alias>
                <alternate_id>COPERNICAN_CRATERS_360.csv</alternate_id>
                <comment>Original filename at PDS3 archive, on-line at LROC Node</comment>
            </Alias>
        </Alias_List>
        <Modification_History>
            <Modification_Detail>
                <modification_date>2020-04-09</modification_date>
                <version_id>1.0</version_id>
                <description>
                    This PDS4 labeled (detached label) product (orig PDS3 image) is a result
                    of develpment activity for eventual LUNAR RECONNAISSANCE ORBITER CAMERA migration to PDS4.
                </description>
            </Modification_Detail>
        </Modification_History>
    </Identification_Area>

    <Observation_Area>
        <Time_Coordinates>
            <start_date_time xsi:nil="true" nilReason="inapplicable"/>
            <stop_date_time xsi:nil="true" nilReason="inapplicable"/>
        </Time_Coordinates>
        <Primary_Result_Summary>
            <purpose>Science</purpose>
            <processing_level>Derived</processing_level>
            <description>Shapefile of lunar craters (D > 10km) of Copernican age (less than 1.1Ga) located between 60N and 60S. </description>
        </Primary_Result_Summary>
        <Investigation_Area>
            <name>Product_Observational</name>
            <type>Mission</type>
            <Internal_Reference>
                <lid_reference>urn:nasa:pds:context:investigation:mission.lunar_reconnaissance_orbiter</lid_reference>
                <reference_type>data_to_investigation</reference_type>
                <comment>This is the PDS4 logical identifier for LRO</comment>
            </Internal_Reference>
        </Investigation_Area>
        <Observing_System>
            <Observing_System_Component>
                <name>LUNAR RECONNAISSANCE ORBITER CAMERA</name>
                <type>Instrument</type>
                <Internal_Reference>
                    <lid_reference>urn:nasa:pds:context:instrument:lroc.lro</lid_reference>
                    <reference_type>is_instrument</reference_type>
                </Internal_Reference>
            </Observing_System_Component>
        </Observing_System>
        <Target_Identification>
            <name>Moon</name>
            <type>Satellite</type>
            <Internal_Reference>
                <lid_reference>urn:nasa:pds:context:target:satellite.earth.moon</lid_reference>
                <reference_type>data_to_target</reference_type>
            </Internal_Reference>
        </Target_Identification>

  
        
        
    </Observation_Area>
    <Reference_List>
        <External_Reference>
            <doi>10.1007/s11214-010-9634-2</doi>
            <reference_text>Robinson, M. S.; Brylow, S. M.; Tschimmel, M.; Humm, D.; Lawrence, S. J.; Thomas, P. C.; 
                Denevi, B. W.; Bowman-Cisneros, E.; Zerr, J.; Ravine, M. A.; Caplinger, M. A.; Ghaemi, F. T.; Schaffner, J. A.; 
                Malin, M. C.; Mahanti, P.; Bartels, A.; Anderson, J.; Tran, T. N.; Eliason, E. M.; McEwen, A. S. Turtle, E.; 
                Jolliff, B. L.; Hiesinger, H., 2010, "Lunar Reconnaissance Orbiter Camera (LROC) Instrument Overview", Space 
                Science Reviews, Volume 150, Issue 1-4, pp. 81-124
            </reference_text>
            <description>instrument overview</description>
        </External_Reference>
    </Reference_List>

</Product_Observational>
