<?xml version="1.0" encoding="UTF-8"?>
<?xml-model href="https://pds.nasa.gov/pds4/pds/v1/PDS4_PDS_1D00.sch" schematypens="http://purl.oclc.org/dsdl/schematron"?>
<?xml-model href="http://pds.nasa.gov/pds4/cart/v1/PDS4_CART_1D00_1933.sch" schemetypens="http://purl.oclc.org/dsdl/schematron"?>
<Product_Observational xmlns="http://pds.nasa.gov/pds4/pds/v1" xmlns:pds="http://pds.nasa.gov/pds4/pds/v1" xmlns:cart="http://pds.nasa.gov/pds4/cart/v1" xmlns:xsi="http://www.w3.org/2001/XMLSchema-instance" xsi:schemaLocation="http://pds.nasa.gov/pds4/pds/v1 https://pds.nasa.gov/pds4/pds/v1/PDS4_PDS_1D00.xsd
                        http://pds.nasa.gov/pds4/cart/v1 http://pds.nasa.gov/pds4/cart/v1/PDS4_CART_1D00_1933.xsd">
  <Identification_Area>
    <logical_identifier>urn:nasa:pds:bundle_naming_tbd:collection_naming_tbd:copernican_craters_360</logical_identifier>
    <version_id>1.0</version_id>
    <title>LUNAR RECONNAISSANCE ORBITER CAMERA Shapefile product</title>
    <information_model_version>1.13.0.0</information_model_version>
    <product_class>Product_Observational</product_class>
    <Alias_List>
      <Alias>
        <alternate_id>COPERNICAN_CRATERS_360.csv</alternate_id>
        <comment>Original filename at PDS3 archive, on-line at LROC Node</comment>
      </Alias>
    </Alias_List>
    <Modification_History>
      <Modification_Detail>
        <modification_date>2020-04-09</modification_date>
        <version_id>1.0</version_id>
        <description>This PDS4 labeled (detached label) product (orig PDS3 image) is a result
                    of develpment activity for eventual LUNAR RECONNAISSANCE ORBITER CAMERA migration to PDS4.
                </description>
      </Modification_Detail>
    </Modification_History>
  </Identification_Area>
  <Observation_Area>
    <Time_Coordinates>
      <start_date_time xsi:nil="true" nilReason="inapplicable" />
      <stop_date_time xsi:nil="true" nilReason="inapplicable" />
    </Time_Coordinates>
    <Primary_Result_Summary>
      <purpose>Science</purpose>
      <processing_level>Derived</processing_level>
      <description>Shapefile of lunar craters (D &gt; 10km) of Copernican age (less than 1.1Ga) located between 60N and 60S. </description>
    </Primary_Result_Summary>
    <Investigation_Area>
      <name>Product_Observational</name>
      <type>Mission</type>
      <Internal_Reference>
        <lid_reference>urn:nasa:pds:context:investigation:mission.lunar_reconnaissance_orbiter</lid_reference>
        <reference_type>data_to_investigation</reference_type>
        <comment>This is the PDS4 logical identifier for LRO</comment>
      </Internal_Reference>
    </Investigation_Area>
    <Observing_System>
      <Observing_System_Component>
        <name>LUNAR RECONNAISSANCE ORBITER CAMERA</name>
        <type>Instrument</type>
        <Internal_Reference>
          <lid_reference>urn:nasa:pds:context:instrument:lroc.lro</lid_reference>
          <reference_type>is_instrument</reference_type>
        </Internal_Reference>
      </Observing_System_Component>
    </Observing_System>
    <Target_Identification>
      <name>Moon</name>
      <type>Satellite</type>
      <Internal_Reference>
        <lid_reference>urn:nasa:pds:context:target:satellite.earth.moon</lid_reference>
        <reference_type>data_to_target</reference_type>
      </Internal_Reference>
    </Target_Identification>
    <Discipline_Area>
      <cart:Cartography>
        <Local_Internal_Reference>
          <local_identifier_reference>COPERNICAN_CRATERS_360</local_identifier_reference>
          <local_reference_type>cartography_parameters_to_image_object</local_reference_type>
        </Local_Internal_Reference>
        <cart:Spatial_Domain>
          <cart:Bounding_Coordinates>
            <cart:west_bounding_coordinate unit="deg">0.200248467780277994</cart:west_bounding_coordinate>
            <cart:east_bounding_coordinate unit="deg">352.778780008630974</cart:east_bounding_coordinate>
            <cart:north_bounding_coordinate unit="deg">74.2222084798450936</cart:north_bounding_coordinate>
            <cart:south_bounding_coordinate unit="deg">-79.1021754345465951</cart:south_bounding_coordinate>
          </cart:Bounding_Coordinates>
        </cart:Spatial_Domain>
        <cart:Spatial_Reference_Information>
          <cart:Horizontal_Coordinate_System_Definition>
            <cart:Geographic />
            <cart:Geodetic_Model>
              <cart:latitude_type>Planetocentric</cart:latitude_type>
              <cart:spheroid_name>unknown</cart:spheroid_name>
              <cart:a_axis_radius unit="m">1737400</cart:a_axis_radius>
              <cart:b_axis_radius unit="m">1737400</cart:b_axis_radius>
              <cart:c_axis_radius unit="m">1737400</cart:c_axis_radius>
              <cart:longitude_direction>Positive East</cart:longitude_direction>
            </cart:Geodetic_Model>
          </cart:Horizontal_Coordinate_System_Definition>
        </cart:Spatial_Reference_Information>
      </cart:Cartography>
    </Discipline_Area>
  </Observation_Area>
  <Reference_List>
    <External_Reference>
      <doi>10.1007/s11214-010-9634-2</doi>
      <reference_text>Robinson, M. S.; Brylow, S. M.; Tschimmel, M.; Humm, D.; Lawrence, S. J.; Thomas, P. C.; 
                Denevi, B. W.; Bowman-Cisneros, E.; Zerr, J.; Ravine, M. A.; Caplinger, M. A.; Ghaemi, F. T.; Schaffner, J. A.; 
                Malin, M. C.; Mahanti, P.; Bartels, A.; Anderson, J.; Tran, T. N.; Eliason, E. M.; McEwen, A. S. Turtle, E.; 
                Jolliff, B. L.; Hiesinger, H., 2010, "Lunar Reconnaissance Orbiter Camera (LROC) Instrument Overview", Space 
                Science Reviews, Volume 150, Issue 1-4, pp. 81-124
            </reference_text>
      <description>instrument overview</description>
    </External_Reference>
  </Reference_List>
  <File_Area_Observational>
    <File>
      <file_name>COPERNICAN_CRATERS_360/COPERNICAN_CRATERS_360.csv</file_name>
    </File>
    <Table_Delimited>
      <local_identifier>COPERNICAN_CRATERS_360</local_identifier>
      <offset unit="byte">43</offset>
      <parsing_standard_id>PDS DSV 1</parsing_standard_id>
      <records>52</records>
      <record_delimiter>Carriage-Return Line-Feed</record_delimiter>
      <field_delimiter>Comma</field_delimiter>
      <Record_Delimited>
        <fields>6</fields>
        <groups>0</groups>
        <Field_Delimited>
          <name>DIAM_KM</name>
          <field_number>1</field_number>
          <data_type>ASCII_Real</data_type>
          <maximum_field_length unit="byte">19</maximum_field_length>
        </Field_Delimited>
        <Field_Delimited>
          <name>X_COORD</name>
          <field_number>2</field_number>
          <data_type>ASCII_Real</data_type>
          <maximum_field_length unit="byte">19</maximum_field_length>
        </Field_Delimited>
        <Field_Delimited>
          <name>Y_COORD</name>
          <field_number>3</field_number>
          <data_type>ASCII_Real</data_type>
          <maximum_field_length unit="byte">19</maximum_field_length>
        </Field_Delimited>
        <Field_Delimited>
          <name>COMMENTS</name>
          <field_number>4</field_number>
          <data_type>UTF8_String</data_type>
          <maximum_field_length unit="byte">250</maximum_field_length>
        </Field_Delimited>
        <Field_Delimited>
          <name>NAME</name>
          <field_number>5</field_number>
          <data_type>UTF8_String</data_type>
          <maximum_field_length unit="byte">100</maximum_field_length>
        </Field_Delimited>
        <Field_Delimited>
          <name>WKT</name>
          <field_number>6</field_number>
          <data_type>ASCII_String</data_type>
        </Field_Delimited>
      </Record_Delimited>
    </Table_Delimited>
  </File_Area_Observational>
</Product_Observational>
