<?xml version="1.0" encoding="UTF-8"?>

<?xml-model href="https://pds.nasa.gov/pds4/pds/v1/PDS4_PDS_1D00.sch"
    schematypens="http://purl.oclc.org/dsdl/schematron"?>
<?xml-model 
	  href="./PDS4_LRO_1D00_1000.sch" 
	   schematypens="http://purl.oclc.org/dsdl/schematron"?>
<?xml-model href="http://pds.nasa.gov/pds4/disp/v1/PDS4_DISP_1B00.sch"
    schemetypens="http://purl.oclc.org/dsdl/schematron"?>
<?xml-model href="http://pds.nasa.gov/pds4/cart/v1/PDS4_CART_1D00_1933.sch"
    schemetypens="http://purl.oclc.org/dsdl/schematron"?>
<?xml-model href="http://pds.nasa.gov/pds4/img/v1/PDS4_IMG_1D00_1700.sch"
    schemetypens="http://purl.oclc.org/dsdl/schematron"?>

<Product_Observational
    xmlns="http://pds.nasa.gov/pds4/pds/v1"
    xmlns:pds="http://pds.nasa.gov/pds4/pds/v1"
    xmlns:disp="http://pds.nasa.gov/pds4/disp/v1"
    xmlns:cart="http://pds.nasa.gov/pds4/cart/v1"
    xmlns:lro="http://pds.nasa.gov/pds4/mission/lro/v1"
    xmlns:img="http://pds.nasa.gov/pds4/img/v1" 
    xmlns:xsi="http://www.w3.org/2001/XMLSchema-instance"
    
    xsi:schemaLocation="http://pds.nasa.gov/pds4/pds/v1 https://pds.nasa.gov/pds4/pds/v1/PDS4_PDS_1D00.xsd
                        http://pds.nasa.gov/pds4/mission/lro/v1 ./PDS4_LRO_1D00_1000.xsd
                        http://pds.nasa.gov/pds4/disp/v1 http://pds.nasa.gov/pds4/disp/v1/PDS4_DISP_1B00.xsd
                        http://pds.nasa.gov/pds4/cart/v1 http://pds.nasa.gov/pds4/cart/v1/PDS4_CART_1D00_1933.xsd
                        http://pds.nasa.gov/pds4/img/v1 https://pds.nasa.gov/pds4/img/v1/PDS4_IMG_1D00_1700.xsd">

    <Identification_Area>
        <logical_identifier>urn:nasa:pds:bundle_naming_tbd:collection_naming_tbd:nac_pole_psr_south_stretch</logical_identifier>
        <version_id>1.0</version_id>
        <title>LUNAR RECONNAISSANCE ORBITER CAMERA NAC PSR product</title>
        <information_model_version>1.13.0.0</information_model_version>
        <product_class>Product_Observational</product_class>
        <Alias_List>
            <Alias>
                <alternate_id>NAC_POLE_PSR_SOUTH_STRETCH.IMG</alternate_id>
                <comment>Original filename at PDS3 archive, on-line at LROC Node</comment>
            </Alias>
        </Alias_List>
        <Modification_History>
            <Modification_Detail>
                <modification_date>2020-03-11</modification_date>
                <version_id>1.0</version_id>
                <description>
                    This PDS4 labeled (detached label) product (orig PDS3 image) is a result
                    of develpment activity for eventual LUNAR RECONNAISSANCE ORBITER CAMERA migration to PDS4.
                </description>
            </Modification_Detail>
        </Modification_History>
    </Identification_Area>

    <Observation_Area>
        <Time_Coordinates>
            <start_date_time xsi:nil="true" nilReason="inapplicable"/>
            <stop_date_time xsi:nil="true" nilReason="inapplicable"/>
        </Time_Coordinates>
        <Primary_Result_Summary>
            <purpose>Science</purpose>
            <processing_level>Derived</processing_level>
            <description>NAC mosaics of Permanently Shadowed Regions near the pole created in support of high-priority regions of interest</description>
        </Primary_Result_Summary>
        <Investigation_Area>
            <name>Product_Observational</name>
            <type>Mission</type>
            <Internal_Reference>
                <!-- need official lid ref from PDS -->
                <lid_reference>urn:nasa:pds:context:investigation:mission.lunar_reconnaissance_orbiter</lid_reference>
                <reference_type>data_to_investigation</reference_type>
                <comment>This is the PDS4 logical identifier for LRO</comment>
            </Internal_Reference>
        </Investigation_Area>
        <Observing_System>
            <Observing_System_Component>
                <name>LUNAR RECONNAISSANCE ORBITER CAMERA</name>
                <type>Instrument</type>
                <Internal_Reference>
                    <lid_reference>urn:nasa:pds:context:instrument:lroc.lro</lid_reference>
                    <reference_type>is_instrument</reference_type>
                </Internal_Reference>
            </Observing_System_Component>
        </Observing_System>
        <Target_Identification>
            <name>Moon</name>
            <type>Satellite</type>
            <Internal_Reference>
                <lid_reference>urn:nasa:pds:context:target:satellite.earth.moon</lid_reference>
                <reference_type>data_to_target</reference_type>
            </Internal_Reference>
        </Target_Identification>

        <Mission_Area>
            <lro:LRO_Parameters>
                <lro:product_type>RDR</lro:product_type>
                <lro:product_version_id>v1.1</lro:product_version_id> 
                <lro:mission_phase_name>SCIENCE MISSION</lro:mission_phase_name>
                <lro:producer_institution_name>Arizona State University</lro:producer_institution_name>
            </lro:LRO_Parameters>
        </Mission_Area>
  
        
        
        <Discipline_Area>

            <img:Imaging>
                <Local_Internal_Reference>
                    <local_identifier_reference>DATA_FILE</local_identifier_reference>
                    <local_reference_type>imaging_parameters_to_image_object</local_reference_type>
                </Local_Internal_Reference>
                <img:Optical_Filter>
                    <img:bandwidth unit="nm">300</img:bandwidth>
                    <img:center_filter_wavelength unit="nm">600</img:center_filter_wavelength>
                </img:Optical_Filter>
                <img:Sampling>
                    <img:sample_bit_mask>2#11111111#</img:sample_bit_mask>
                </img:Sampling>
            </img:Imaging>  
            <cart:Cartography>
                <Local_Internal_Reference>
                    <local_identifier_reference>DATA_FILE</local_identifier_reference>
                    <local_reference_type>cartography_parameters_to_image_object</local_reference_type>
                </Local_Internal_Reference>
                <cart:Spatial_Domain>
                    <cart:Bounding_Coordinates>
                        <cart:west_bounding_coordinate unit="deg">0.0</cart:west_bounding_coordinate>
                        <cart:east_bounding_coordinate unit="deg">360.0</cart:east_bounding_coordinate>
                        <cart:north_bounding_coordinate unit="deg">-80.0</cart:north_bounding_coordinate>
                        <cart:south_bounding_coordinate unit="deg">-90.0</cart:south_bounding_coordinate>
                    </cart:Bounding_Coordinates>
                </cart:Spatial_Domain>               
                <cart:Spatial_Reference_Information>
                    <cart:Horizontal_Coordinate_System_Definition>
                        <cart:Planar>
                            <cart:Map_Projection>
                                <cart:map_projection_name>Polar Stereographic</cart:map_projection_name>
                                <cart:Polar_Stereographic>
                     
                                    <cart:longitude_of_central_meridian unit="deg">0.0</cart:longitude_of_central_meridian>
                                    <cart:scale_factor_at_projection_origin>1.0</cart:scale_factor_at_projection_origin>
                                    <cart:latitude_of_projection_origin unit="deg">-90</cart:latitude_of_projection_origin>
                                </cart:Polar_Stereographic>
                                <!-- A specific description of this projection may be found in DSMAP.CAT in the CATALOG directory -->
                            </cart:Map_Projection>
                            <cart:Planar_Coordinate_Information>
                                <cart:planar_coordinate_encoding_method>Coordinate Pair</cart:planar_coordinate_encoding_method>
                                <cart:Coordinate_Representation>
                                    <cart:pixel_resolution_x unit="m/pixel">20.0</cart:pixel_resolution_x>
                                    <cart:pixel_resolution_y unit="m/pixel">20.0</cart:pixel_resolution_y>
                                    <cart:pixel_scale_x unit="pixel/deg">1516.1675212075</cart:pixel_scale_x>
                                    <cart:pixel_scale_y unit="pixel/deg">1516.1675212075</cart:pixel_scale_y>
                                </cart:Coordinate_Representation>
                            </cart:Planar_Coordinate_Information>
                            <cart:Geo_Transformation>
                                <cart:upperleft_corner_x unit="m">-304020</cart:upperleft_corner_x>
                                <cart:upperleft_corner_y unit="m">304020</cart:upperleft_corner_y>
                            </cart:Geo_Transformation>
                        </cart:Planar>
                        <cart:Geodetic_Model>
                            <cart:latitude_type>Planetocentric</cart:latitude_type>
                            <cart:a_axis_radius unit="km">1737.4</cart:a_axis_radius>
                            <cart:b_axis_radius unit="km">1737.4</cart:b_axis_radius>
                            <cart:c_axis_radius unit="km">1737.4</cart:c_axis_radius>
                            <cart:longitude_direction>Positive East</cart:longitude_direction>
                        </cart:Geodetic_Model>
                    </cart:Horizontal_Coordinate_System_Definition>
                </cart:Spatial_Reference_Information>
            </cart:Cartography>
            
            <disp:Display_Settings>
                <Local_Internal_Reference>
                    <local_identifier_reference>Array_2D_Image</local_identifier_reference>
                    <local_reference_type>display_settings_to_array</local_reference_type>
                </Local_Internal_Reference>
                <disp:Display_Direction>
                    <disp:horizontal_display_axis>Sample</disp:horizontal_display_axis>
                    <disp:horizontal_display_direction>Left to Right</disp:horizontal_display_direction>
                    <disp:vertical_display_axis>Line</disp:vertical_display_axis>
                    <disp:vertical_display_direction>Top to Bottom</disp:vertical_display_direction>
                </disp:Display_Direction>
            </disp:Display_Settings>
        </Discipline_Area>
    </Observation_Area>
    <Reference_List>
        <External_Reference>
            <doi>10.1007/s11214-010-9634-2</doi>
            <reference_text>Robinson, M. S.; Brylow, S. M.; Tschimmel, M.; Humm, D.; Lawrence, S. J.; Thomas, P. C.; 
                Denevi, B. W.; Bowman-Cisneros, E.; Zerr, J.; Ravine, M. A.; Caplinger, M. A.; Ghaemi, F. T.; Schaffner, J. A.; 
                Malin, M. C.; Mahanti, P.; Bartels, A.; Anderson, J.; Tran, T. N.; Eliason, E. M.; McEwen, A. S. Turtle, E.; 
                Jolliff, B. L.; Hiesinger, H., 2010, "Lunar Reconnaissance Orbiter Camera (LROC) Instrument Overview", Space 
                Science Reviews, Volume 150, Issue 1-4, pp. 81-124
            </reference_text>
            <description>instrument overview</description>
        </External_Reference>
    </Reference_List>
    <File_Area_Observational>
        <File>
            <file_name>NAC_POLE_PSR_SOUTH_STRETCH.IMG</file_name>
            <local_identifier>DATA_FILE</local_identifier>
            <creation_date_time>2017-03-01T21:30:03Z</creation_date_time>
            <file_size unit="byte">924312006</file_size>
            <md5_checksum>2184f609c14fff50cccac3d5850905eb</md5_checksum>
            <comment>LUNAR RECONNAISSANCE ORBITER CAMERA NAC PSR mosaic.</comment>
        </File>
        <Header>
            <offset unit="byte">0</offset>
            <object_length unit="byte">30402</object_length>
            <parsing_standard_id>PDS3</parsing_standard_id>
            <description>PDS3 attached header</description>
        </Header>
        <Array_2D_Image>
            <local_identifier>Array_2D_Image</local_identifier>
            <offset unit="byte">30402</offset>
            <axes>2</axes>
            <axis_index_order>Last Index Fastest</axis_index_order>
            <Element_Array>
                <data_type>UnsignedByte</data_type>
            </Element_Array>
                <Axis_Array>
                <axis_name>Line</axis_name>
                    <elements>8040</elements><!-- 30402 is too big for PDS4 Viewer -->
                <sequence_number>1</sequence_number>
            </Axis_Array>
            <Axis_Array>
                <axis_name>Sample</axis_name>
                <elements>30402</elements>
                <sequence_number>2</sequence_number>
            </Axis_Array>
            <Special_Constants>
                <missing_constant>0</missing_constant>
                <high_instrument_saturation>254</high_instrument_saturation>
                <high_representation_saturation>255</high_representation_saturation>
                <low_instrument_saturation>2</low_instrument_saturation>
                <low_representation_saturation>1</low_representation_saturation>
            </Special_Constants>
        </Array_2D_Image>
        
    </File_Area_Observational>

</Product_Observational>