<?xml version="1.0" encoding="UTF-8"?>

<?xml-model href="https://pds.nasa.gov/pds4/pds/v1/PDS4_PDS_1D00.sch"
    schematypens="http://purl.oclc.org/dsdl/schematron"?>
<?xml-model 
	  href="./PDS4_LRO_1D00_1000.sch" 
	   schematypens="http://purl.oclc.org/dsdl/schematron"?>
<?xml-model href="http://pds.nasa.gov/pds4/disp/v1/PDS4_DISP_1B00.sch"
    schemetypens="http://purl.oclc.org/dsdl/schematron"?>
<?xml-model href="http://pds.nasa.gov/pds4/cart/v1/PDS4_CART_1D00_1933.sch"
    schemetypens="http://purl.oclc.org/dsdl/schematron"?>
<?xml-model href="http://pds.nasa.gov/pds4/img/v1/PDS4_IMG_1D00_1700.sch"
    schemetypens="http://purl.oclc.org/dsdl/schematron"?>

<Product_Observational
    xmlns="http://pds.nasa.gov/pds4/pds/v1"
    xmlns:pds="http://pds.nasa.gov/pds4/pds/v1"
    xmlns:disp="http://pds.nasa.gov/pds4/disp/v1"
    xmlns:cart="http://pds.nasa.gov/pds4/cart/v1"
    xmlns:lro="http://pds.nasa.gov/pds4/mission/lro/v1"
    xmlns:img="http://pds.nasa.gov/pds4/img/v1" 
    xmlns:xsi="http://www.w3.org/2001/XMLSchema-instance"
    
    xsi:schemaLocation="http://pds.nasa.gov/pds4/pds/v1 https://pds.nasa.gov/pds4/pds/v1/PDS4_PDS_1D00.xsd
                        http://pds.nasa.gov/pds4/mission/lro/v1 ./PDS4_LRO_1D00_1000.xsd
                        http://pds.nasa.gov/pds4/disp/v1 http://pds.nasa.gov/pds4/disp/v1/PDS4_DISP_1B00.xsd
                        http://pds.nasa.gov/pds4/cart/v1 http://pds.nasa.gov/pds4/cart/v1/PDS4_CART_1D00_1933.xsd
                        http://pds.nasa.gov/pds4/img/v1 https://pds.nasa.gov/pds4/img/v1/PDS4_IMG_1D00_1700.xsd">

    <Identification_Area>
        <logical_identifier>urn:nasa:pds:bundle_naming_tbd:collection_naming_tbd:wac_emp_3band_e300n2250_064p</logical_identifier>
        <version_id>1.0</version_id>
        <title>LUNAR RECONNAISSANCE ORBITER CAMERA NAC DTM product</title>
        <information_model_version>1.13.0.0</information_model_version>
        <product_class>Product_Observational</product_class>
        <Alias_List>
            <Alias>
                <alternate_id>WAC_EMP_3BAND_E300N2250_064P.TIF</alternate_id>
                <comment>Original filename at PDS3 archive, on-line at LROC Node</comment>
            </Alias>
        </Alias_List>
        <Modification_History>
            <Modification_Detail>
                <modification_date>2020-03-11</modification_date>
                <version_id>1.0</version_id>
                <description>
                    This PDS4 labeled (detached label) product (orig PDS3 image) is a result
                    of develpment activity for eventual LUNAR RECONNAISSANCE ORBITER CAMERA migration to PDS4.
                </description>
            </Modification_Detail>
        </Modification_History>
    </Identification_Area>

    <Observation_Area>
        <Time_Coordinates>
            <start_date_time xsi:nil="true" nilReason="inapplicable"/>
            <stop_date_time xsi:nil="true" nilReason="inapplicable"/>
        </Time_Coordinates>
        <Primary_Result_Summary>
            <purpose>Science</purpose>
            <processing_level>Derived</processing_level>
            <description>
                This empirically normalized WAC mosaic was
                constructed from 137,400 color WAC images
                acquired from January 21, 2010 to January 31,
                2013 over a broad range of lighting and
                viewing geometries. Each pixel from the WAC
                observations were photometrically normalized
                to a standard geometry of 30 degrees
                incidence angle, 0 degrees emission angle,
                and 30 degress phase angle using an
                empirically derived global photometric
                function. Nomalized WAC pixels for each
                location were combined using the median
                (average n=142), so each mosaic value is
                using information from many observations.
            </description>
        </Primary_Result_Summary>
        <Investigation_Area>
            <name>Product_Observational</name>
            <type>Mission</type>
            <Internal_Reference>
                <!-- need official lid ref from PDS -->
                <lid_reference>urn:nasa:pds:context:investigation:mission.lunar_reconnaissance_orbiter</lid_reference>
                <reference_type>data_to_investigation</reference_type>
                <comment>This is the PDS4 logical identifier for LRO</comment>
            </Internal_Reference>
        </Investigation_Area>
        <Observing_System>
            <Observing_System_Component>
                <name>LUNAR RECONNAISSANCE ORBITER CAMERA</name>
                <type>Instrument</type>
                <Internal_Reference>
                    <lid_reference>urn:nasa:pds:context:instrument:lroc.lro</lid_reference>
                    <reference_type>is_instrument</reference_type>
                </Internal_Reference>
            </Observing_System_Component>
        </Observing_System>
        <Target_Identification>
            <name>Moon</name>
            <type>Satellite</type>
            <Internal_Reference>
                <lid_reference>urn:nasa:pds:context:target:satellite.earth.moon</lid_reference>
                <reference_type>data_to_target</reference_type>
            </Internal_Reference>
        </Target_Identification>

        <Mission_Area>
            <lro:LRO_Parameters>
                <lro:product_type>RDR</lro:product_type>
                <lro:product_version_id>v1.0</lro:product_version_id> 
                <lro:mission_phase_name>NOMINAL MISSION</lro:mission_phase_name>
                <lro:mission_phase_name>SCIENCE MISSION</lro:mission_phase_name>
                <lro:mission_phase_name>EXTENDED SCIENCE MISSION</lro:mission_phase_name>
                <lro:producer_institution_name>Arizona State University</lro:producer_institution_name>
            </lro:LRO_Parameters>
        </Mission_Area>
  
        
        
        <Discipline_Area>

            <img:Imaging>
                <Local_Internal_Reference>
                    <local_identifier_reference>DATA_FILE</local_identifier_reference>
                    <local_reference_type>imaging_parameters_to_image_object</local_reference_type>
                </Local_Internal_Reference>
                
              <img:Optical_Filter>
                  <img:filter_name>321</img:filter_name>
                  <img:bandwidth unit="nm">32</img:bandwidth>
                  <img:center_filter_wavelength unit="nm">321</img:center_filter_wavelength>
              </img:Optical_Filter>                
                <img:Optical_Filter>
                    <img:filter_name>415</img:filter_name>
                    <img:bandwidth unit="nm">36</img:bandwidth>
                    <img:center_filter_wavelength unit="nm">415</img:center_filter_wavelength>
                </img:Optical_Filter>                
                <img:Optical_Filter>
                    <img:filter_name>689</img:filter_name>
                    <img:bandwidth unit="nm">39</img:bandwidth>
                    <img:center_filter_wavelength unit="nm">689</img:center_filter_wavelength>
                </img:Optical_Filter>
                
            </img:Imaging>  
            
            <cart:Cartography>
                <Local_Internal_Reference>
                    <local_identifier_reference>DATA_FILE</local_identifier_reference>
                    <local_reference_type>cartography_parameters_to_image_object</local_reference_type>
                </Local_Internal_Reference>
                <cart:Spatial_Domain>
                    <cart:Bounding_Coordinates>
                        <cart:west_bounding_coordinate unit="deg">-180.0</cart:west_bounding_coordinate>
                        <cart:east_bounding_coordinate unit="deg">-90.0</cart:east_bounding_coordinate>
                        <cart:north_bounding_coordinate unit="deg">60.0</cart:north_bounding_coordinate>
                        <cart:south_bounding_coordinate unit="deg">0.0</cart:south_bounding_coordinate>
                    </cart:Bounding_Coordinates>
                </cart:Spatial_Domain>               
                <cart:Spatial_Reference_Information>
                    <cart:Horizontal_Coordinate_System_Definition>
                        <cart:Planar>
                            <cart:Map_Projection>
                                <cart:map_projection_name>Equirectangular</cart:map_projection_name>
                                <cart:Equirectangular>
                                    <cart:standard_parallel_1 unit="deg">0</cart:standard_parallel_1>
                                    <cart:longitude_of_central_meridian unit="deg">0</cart:longitude_of_central_meridian>
                                </cart:Equirectangular>
                                <!-- A specific description of this projection may be found in DSMAP.CAT in the CATALOG directory -->
                            </cart:Map_Projection>
                            <cart:Planar_Coordinate_Information>
                                <cart:planar_coordinate_encoding_method>Coordinate Pair</cart:planar_coordinate_encoding_method>
                                <cart:Coordinate_Representation>
                                    <cart:pixel_resolution_x unit="m/pixel">473.80235037734</cart:pixel_resolution_x>
                                    <cart:pixel_resolution_y unit="m/pixel">473.80235037734</cart:pixel_resolution_y>
                                    <cart:pixel_scale_x unit="pixel/deg">64.0</cart:pixel_scale_x>
                                    <cart:pixel_scale_y unit="pixel/deg">64.0</cart:pixel_scale_y>
                                </cart:Coordinate_Representation>
                            </cart:Planar_Coordinate_Information>
                            <cart:Geo_Transformation>
                                <cart:upperleft_corner_x unit="m">-5458203.076</cart:upperleft_corner_x>
                                <cart:upperleft_corner_y unit="m">1819401.025</cart:upperleft_corner_y>
                            </cart:Geo_Transformation>
                        </cart:Planar>
                        <cart:Geodetic_Model>
                            <cart:latitude_type>Planetocentric</cart:latitude_type>
                            <cart:a_axis_radius unit="km">1737.4</cart:a_axis_radius>
                            <cart:b_axis_radius unit="km">1737.4</cart:b_axis_radius>
                            <cart:c_axis_radius unit="km">1737.4</cart:c_axis_radius>
                            <cart:longitude_direction>Positive East</cart:longitude_direction>
                        </cart:Geodetic_Model>
                    </cart:Horizontal_Coordinate_System_Definition>
                </cart:Spatial_Reference_Information>
            </cart:Cartography>
            
            <disp:Display_Settings>
                <Local_Internal_Reference>
                    <local_identifier_reference>Array_3D_Image</local_identifier_reference>
                    <local_reference_type>display_settings_to_array</local_reference_type>
                </Local_Internal_Reference>
                <disp:Display_Direction>
                    <disp:horizontal_display_axis>Sample</disp:horizontal_display_axis>
                    <disp:horizontal_display_direction>Left to Right</disp:horizontal_display_direction>
                    <disp:vertical_display_axis>Line</disp:vertical_display_axis>
                    <disp:vertical_display_direction>Top to Bottom</disp:vertical_display_direction>
                </disp:Display_Direction>
            </disp:Display_Settings>
        </Discipline_Area>
    </Observation_Area>
    <Reference_List>
        <External_Reference>
            <doi>10.1007/s11214-010-9634-2</doi>
            <reference_text>Robinson, M. S.; Brylow, S. M.; Tschimmel, M.; Humm, D.; Lawrence, S. J.; Thomas, P. C.; 
                Denevi, B. W.; Bowman-Cisneros, E.; Zerr, J.; Ravine, M. A.; Caplinger, M. A.; Ghaemi, F. T.; Schaffner, J. A.; 
                Malin, M. C.; Mahanti, P.; Bartels, A.; Anderson, J.; Tran, T. N.; Eliason, E. M.; McEwen, A. S. Turtle, E.; 
                Jolliff, B. L.; Hiesinger, H., 2010, "Lunar Reconnaissance Orbiter Camera (LROC) Instrument Overview", Space 
                Science Reviews, Volume 150, Issue 1-4, pp. 81-124
            </reference_text>
            <description>instrument overview</description>
        </External_Reference>
    </Reference_List>
    <File_Area_Observational>
        <File>
            <file_name>WAC_EMP_3BAND_E300N2250_064P.TIF</file_name>
            <local_identifier>DATA_FILE</local_identifier>
            <creation_date_time>2015-01-22T01:39:48Z</creation_date_time>
            <file_size unit="byte">66387435</file_size>
            <md5_checksum>451c76d0eaa38502a1081c446223e8a0</md5_checksum>
            <comment>LUNAR RECONNAISSANCE ORBITER CAMERA WAC Empirically Normalized 3-band Color product.</comment>
        </File>
        
        <Array_3D_Image>
            <local_identifier>Array_3D_Image</local_identifier>
            <offset unit="byte">32235</offset>
            <axes>3</axes>
            <axis_index_order>Last Index Fastest</axis_index_order>
            <Element_Array>
                <data_type>UnsignedByte</data_type>
            </Element_Array>

            <Axis_Array>
                <axis_name>Line</axis_name>
                <elements>3840</elements>
                <sequence_number>1</sequence_number>
            </Axis_Array>
            <Axis_Array>
                <axis_name>Sample</axis_name>
                <elements>5760</elements>
                <sequence_number>2</sequence_number>
            </Axis_Array>           
            <Axis_Array>
                <axis_name>Band</axis_name>
                <elements>3</elements>
                <sequence_number>3</sequence_number>
            </Axis_Array>
 
        </Array_3D_Image>
    </File_Area_Observational>
    <File_Area_Observational_Supplemental>
        <File>
            <file_name>WAC_EMP_3BAND_E300N2250_064P.LBL</file_name>
            <comment>PDS3 Label archived along with this data product</comment>
        </File>
        <Stream_Text>
            <offset unit="byte">0</offset>
            <parsing_standard_id>PDS3</parsing_standard_id>
            <record_delimiter>Carriage-Return Line-Feed</record_delimiter>
        </Stream_Text>
    </File_Area_Observational_Supplemental>
</Product_Observational>