<?xml version="1.0" encoding="UTF-8"?>

<?xml-model href="https://pds.nasa.gov/pds4/pds/v1/PDS4_PDS_1D00.sch"
    schematypens="http://purl.oclc.org/dsdl/schematron"?>


<Product_Document
    xmlns="http://pds.nasa.gov/pds4/pds/v1"
    xmlns:pds="http://pds.nasa.gov/pds4/pds/v1"
    xmlns:xsi="http://www.w3.org/2001/XMLSchema-instance"
    
    xsi:schemaLocation="http://pds.nasa.gov/pds4/pds/v1 https://pds.nasa.gov/pds4/pds/v1/PDS4_PDS_1D00.xsd">

    <Identification_Area>
        <logical_identifier>urn:nasa:pds:bundle_naming_tbd:collection_naming_tbd:wac_global_readme.txt</logical_identifier>
        <version_id>1.0</version_id>
        <title>LUNAR RECONNAISSANCE ORBITER CAMERA WAC Global Morphologic Map README document product</title>
        <information_model_version>1.13.0.0</information_model_version>
        <product_class>Product_Document</product_class>
        <Alias_List>
            <Alias>
                <alternate_id>WAC_GLOBAL_README.TXT</alternate_id>
                <comment>Original filename at PDS3 archive, on-line at LROC Node</comment>
            </Alias>
        </Alias_List>
        <Citation_Information>
            <publication_year>2017</publication_year>
            <description>Documentation and citation(s) for WAC Global Morphologic Maps</description>
        </Citation_Information>
        <Modification_History>
            <Modification_Detail>
                <modification_date>2020-04-01</modification_date>
                <version_id>1.0</version_id>
                <description>
                    This PDS4 labeled (detached label) product (orig PDS3 image) is a result
                    of develpment activity for eventual LUNAR RECONNAISSANCE ORBITER CAMERA migration to PDS4.
                </description>
            </Modification_Detail>
        </Modification_History>
    </Identification_Area>

    <Context_Area>
 
        <Investigation_Area>
            <name>Lunar Reconnaissance Orbiter</name>
            <type>Mission</type>
            <Internal_Reference>
                <!-- need official lid ref from PDS -->
                <lid_reference>urn:nasa:pds:context:investigation:mission.lunar_reconnaissance_orbiter</lid_reference>
                <reference_type>document_to_investigation</reference_type>
                <comment>This is the PDS4 logical identifier for LRO</comment>
            </Internal_Reference>
        </Investigation_Area>
        <Observing_System>
            <Observing_System_Component>
                <name>LUNAR RECONNAISSANCE ORBITER CAMERA</name>
                <type>Instrument</type>
                <Internal_Reference>
                    <lid_reference>urn:nasa:pds:context:instrument:lroc.lro</lid_reference>
                    <reference_type>is_instrument</reference_type>
                </Internal_Reference>
            </Observing_System_Component>
        </Observing_System>
        <Target_Identification>
            <name>Moon</name>
            <type>Satellite</type>
            <Internal_Reference>
                <lid_reference>urn:nasa:pds:context:target:satellite.earth.moon</lid_reference>
                <reference_type>document_to_target</reference_type>
            </Internal_Reference>
        </Target_Identification>

    </Context_Area>   
    
    <Reference_List>
        
        <External_Reference>
            <doi>10.1007/s11214-010-9634-2</doi>
            <reference_text>Robinson, M. S.; Brylow, S. M.; Tschimmel, M.; Humm, D.; Lawrence, S. J.; Thomas, P. C.; 
                Denevi, B. W.; Bowman-Cisneros, E.; Zerr, J.; Ravine, M. A.; Caplinger, M. A.; Ghaemi, F. T.; Schaffner, J. A.; 
                Malin, M. C.; Mahanti, P.; Bartels, A.; Anderson, J.; Tran, T. N.; Eliason, E. M.; McEwen, A. S. Turtle, E.; 
                Jolliff, B. L.; Hiesinger, H., 2010, "Lunar Reconnaissance Orbiter Camera (LROC) Instrument Overview", Space 
                Science Reviews, Volume 150, Issue 1-4, pp. 81-124
            </reference_text>
            <description>instrument overview</description>
        </External_Reference>
    </Reference_List>
    
    <Document>
        <publication_date>2017</publication_date>
        <description>
            Documentation and citation(s) for WAC Global Morphologic Maps
        </description>
        <Document_Edition>
            <edition_name>WAC_GLOBAL_README.TXT</edition_name>
            <language>English</language>
            <files>1</files>
            <Document_File>
                <file_name>WAC_GLOBAL_README.TXT</file_name>
                <!-- optionally put in file_size, md5_checksum, creation_date_time, directory_path_name -->
                <file_size unit="byte">4852</file_size>
                <md5_checksum>a1f5c40b6ddefb685391782c330e24a2</md5_checksum>
                <document_standard_id>UTF-8 Text</document_standard_id>
            </Document_File>
        </Document_Edition>
    </Document>
  
</Product_Document>    
        
