<?xml version="1.0" encoding="UTF-8"?>

<?xml-model href="https://pds.nasa.gov/pds4/pds/v1/PDS4_PDS_1D00.sch"
    schematypens="http://purl.oclc.org/dsdl/schematron"?>
<?xml-model 
	  href="./PDS4_LRO_1D00_1000.sch" 
	   schematypens="http://purl.oclc.org/dsdl/schematron"?>
<?xml-model href="http://pds.nasa.gov/pds4/disp/v1/PDS4_DISP_1B00.sch"
    schemetypens="http://purl.oclc.org/dsdl/schematron"?>
<?xml-model href="http://pds.nasa.gov/pds4/cart/v1/PDS4_CART_1D00_1933.sch"
    schemetypens="http://purl.oclc.org/dsdl/schematron"?>
<?xml-model href="http://pds.nasa.gov/pds4/img/v1/PDS4_IMG_1D00_1700.sch"
    schemetypens="http://purl.oclc.org/dsdl/schematron"?>

<Product_Observational
    xmlns="http://pds.nasa.gov/pds4/pds/v1"
    xmlns:pds="http://pds.nasa.gov/pds4/pds/v1"
    xmlns:disp="http://pds.nasa.gov/pds4/disp/v1"
    xmlns:cart="http://pds.nasa.gov/pds4/cart/v1"
    xmlns:lro="http://pds.nasa.gov/pds4/mission/lro/v1"
    xmlns:img="http://pds.nasa.gov/pds4/img/v1" 
    xmlns:xsi="http://www.w3.org/2001/XMLSchema-instance"
    
    xsi:schemaLocation="http://pds.nasa.gov/pds4/pds/v1 https://pds.nasa.gov/pds4/pds/v1/PDS4_PDS_1D00.xsd
                        http://pds.nasa.gov/pds4/mission/lro/v1 ./PDS4_LRO_1D00_1000.xsd
                        http://pds.nasa.gov/pds4/disp/v1 http://pds.nasa.gov/pds4/disp/v1/PDS4_DISP_1B00.xsd
                        http://pds.nasa.gov/pds4/cart/v1 http://pds.nasa.gov/pds4/cart/v1/PDS4_CART_1D00_1933.xsd
                        http://pds.nasa.gov/pds4/img/v1 https://pds.nasa.gov/pds4/img/v1/PDS4_IMG_1D00_1700.xsd">

    <Identification_Area>
        <logical_identifier>urn:nasa:pds:bundle_naming_tbd:collection_naming_tbd:wac_hapkeparammap_7band</logical_identifier>
        <version_id>1.0</version_id>
        <title>LUNAR RECONNAISSANCE ORBITER CAMERA WAC HAPKE PARAMETER MAP</title>
        <information_model_version>1.13.0.0</information_model_version>
        <product_class>Product_Observational</product_class>
        <Alias_List>
            <Alias>
                <alternate_id>WAC_HAPKEPARAMMAP_7BAND.IMG</alternate_id>
                <comment>Original filename at PDS3 archive, on-line at LROC Node</comment>
            </Alias>
        </Alias_List>
        <Modification_History>
            <Modification_Detail>
                <modification_date>2020-03-27</modification_date>
                <version_id>1.0</version_id>
                <description>
                    This PDS4 labeled (detached label) product (orig PDS3 image) is a result
                    of develpment activity for eventual LUNAR RECONNAISSANCE ORBITER CAMERA migration to PDS4.
                </description>
            </Modification_Detail>
        </Modification_History>
    </Identification_Area>

    <Observation_Area>
        <Time_Coordinates>
            <start_date_time xsi:nil="true" nilReason="inapplicable"/>
            <stop_date_time xsi:nil="true" nilReason="inapplicable"/>
        </Time_Coordinates>
        <Primary_Result_Summary>
            <purpose>Science</purpose>
            <processing_level>Derived</processing_level>
            <description>Hapke photometric parameter maps (w,b,c,bc0,hc,bs0,hs,theta,phi) in 1 deg x 1 deg tiles for the 7 bands of the WAC</description>
        </Primary_Result_Summary>
        <Investigation_Area>
            <name>Product_Observational</name>
            <type>Mission</type>
            <Internal_Reference>
                <!-- need official lid ref from PDS -->
                <lid_reference>urn:nasa:pds:context:investigation:mission.lunar_reconnaissance_orbiter</lid_reference>
                <reference_type>data_to_investigation</reference_type>
                <comment>This is the PDS4 logical identifier for LRO</comment>
            </Internal_Reference>
        </Investigation_Area>
        <Observing_System>
            <Observing_System_Component>
                <name>LUNAR RECONNAISSANCE ORBITER CAMERA</name>
                <type>Instrument</type>
                <Internal_Reference>
                    <lid_reference>urn:nasa:pds:context:instrument:lroc.lro</lid_reference>
                    <reference_type>is_instrument</reference_type>
                </Internal_Reference>
            </Observing_System_Component>
        </Observing_System>
        <Target_Identification>
            <name>Moon</name>
            <type>Satellite</type>
            <Internal_Reference>
                <lid_reference>urn:nasa:pds:context:target:satellite.earth.moon</lid_reference>
                <reference_type>data_to_target</reference_type>
            </Internal_Reference>
        </Target_Identification>

        <Mission_Area>
            <lro:LRO_Parameters>
                <lro:product_type>RDR</lro:product_type>
                <lro:product_version_id>v1.1</lro:product_version_id> 
                <lro:mission_phase_name>NOMINAL MISSION</lro:mission_phase_name>
                <lro:producer_institution_name>Arizona State University</lro:producer_institution_name>
            </lro:LRO_Parameters>
        </Mission_Area>
  
        
        
        <Discipline_Area>

            <img:Imaging>
                <Local_Internal_Reference>
                    <local_identifier_reference>DATA_FILE</local_identifier_reference>
                    <local_reference_type>imaging_parameters_to_image_object</local_reference_type>
                </Local_Internal_Reference>
               
                <img:Optical_Filter>
                    <img:filter_name>321</img:filter_name>
                    <img:bandwidth unit="nm">32</img:bandwidth>
                    <img:center_filter_wavelength unit="nm">321</img:center_filter_wavelength>
                    <img:comment>W from 321 nm filter</img:comment>
                </img:Optical_Filter>
                <img:Optical_Filter>
                    <img:filter_name>321</img:filter_name>
                    <img:bandwidth unit="nm">32</img:bandwidth>
                    <img:center_filter_wavelength unit="nm">321</img:center_filter_wavelength>
                    <img:comment>B from 321 nm filter</img:comment>
                </img:Optical_Filter>
                <img:Optical_Filter>
                    <img:filter_name>321</img:filter_name>
                    <img:bandwidth unit="nm">32</img:bandwidth>
                    <img:center_filter_wavelength unit="nm">321</img:center_filter_wavelength>
                    <img:comment>C from 321 nm filter</img:comment>
                </img:Optical_Filter>
                <img:Optical_Filter>
                    <img:filter_name>321</img:filter_name>
                    <img:bandwidth unit="nm">32</img:bandwidth>
                    <img:center_filter_wavelength unit="nm">321</img:center_filter_wavelength>
                    <img:comment>BCO from 321 nm filter</img:comment>
                </img:Optical_Filter>
                <img:Optical_Filter>
                    <img:filter_name>321</img:filter_name>
                    <img:bandwidth unit="nm">32</img:bandwidth>
                    <img:center_filter_wavelength unit="nm">321</img:center_filter_wavelength>
                    <img:comment>HC from 321 nm filter</img:comment>
                </img:Optical_Filter>
                <img:Optical_Filter>
                    <img:filter_name>321</img:filter_name>
                    <img:bandwidth unit="nm">32</img:bandwidth>
                    <img:center_filter_wavelength unit="nm">321</img:center_filter_wavelength>
                    <img:comment>BSO from 321 nm filter</img:comment>
                </img:Optical_Filter>
                <img:Optical_Filter>
                    <img:filter_name>321</img:filter_name>
                    <img:bandwidth unit="nm">32</img:bandwidth>
                    <img:center_filter_wavelength unit="nm">321</img:center_filter_wavelength>
                    <img:comment>HS from 321 nm filter</img:comment>
                </img:Optical_Filter>
                <img:Optical_Filter>
                    <img:filter_name>321</img:filter_name>
                    <img:bandwidth unit="nm">32</img:bandwidth>
                    <img:center_filter_wavelength unit="nm">321</img:center_filter_wavelength>
                    <img:comment>THETA from 321 nm filter</img:comment>
                </img:Optical_Filter>
                <img:Optical_Filter>
                    <img:filter_name>321</img:filter_name>
                    <img:bandwidth unit="nm">32</img:bandwidth>
                    <img:center_filter_wavelength unit="nm">321</img:center_filter_wavelength>
                    <img:comment>PHI from 321 nm filter</img:comment>
                </img:Optical_Filter>
                
                <img:Optical_Filter>
                    <img:filter_name>360</img:filter_name>
                    <img:bandwidth unit="nm">15</img:bandwidth>
                    <img:center_filter_wavelength unit="nm">360</img:center_filter_wavelength>
                    <img:comment>W from 360 nm filter</img:comment>
                </img:Optical_Filter>
                <img:Optical_Filter>
                    <img:filter_name>360</img:filter_name>
                    <img:bandwidth unit="nm">15</img:bandwidth>
                    <img:center_filter_wavelength unit="nm">360</img:center_filter_wavelength>
                    <img:comment>B from 360 nm filter</img:comment>
                </img:Optical_Filter>
                <img:Optical_Filter>
                    <img:filter_name>360</img:filter_name>
                    <img:bandwidth unit="nm">15</img:bandwidth>
                    <img:center_filter_wavelength unit="nm">360</img:center_filter_wavelength>
                    <img:comment>C from 360 nm filter</img:comment>
                </img:Optical_Filter>
                <img:Optical_Filter>
                    <img:filter_name>360</img:filter_name>
                    <img:bandwidth unit="nm">15</img:bandwidth>
                    <img:center_filter_wavelength unit="nm">360</img:center_filter_wavelength>
                    <img:comment>BCO from 360 nm filter</img:comment>
                </img:Optical_Filter>
                <img:Optical_Filter>
                    <img:filter_name>360</img:filter_name>
                    <img:bandwidth unit="nm">15</img:bandwidth>
                    <img:center_filter_wavelength unit="nm">360</img:center_filter_wavelength>
                    <img:comment>HC from 360 nm filter</img:comment>
                </img:Optical_Filter>
                <img:Optical_Filter>
                    <img:filter_name>360</img:filter_name>
                    <img:bandwidth unit="nm">15</img:bandwidth>
                    <img:center_filter_wavelength unit="nm">360</img:center_filter_wavelength>
                    <img:comment>BSO from 360 nm filter</img:comment>
                </img:Optical_Filter>
                <img:Optical_Filter>
                    <img:filter_name>360</img:filter_name>
                    <img:bandwidth unit="nm">15</img:bandwidth>
                    <img:center_filter_wavelength unit="nm">360</img:center_filter_wavelength>
                    <img:comment>HS from 360 nm filter</img:comment>
                </img:Optical_Filter>
                <img:Optical_Filter>
                    <img:filter_name>360</img:filter_name>
                    <img:bandwidth unit="nm">15</img:bandwidth>
                    <img:center_filter_wavelength unit="nm">360</img:center_filter_wavelength>
                    <img:comment>THETA from 360 nm filter</img:comment>
                </img:Optical_Filter>
                <img:Optical_Filter>
                    <img:filter_name>360</img:filter_name>
                    <img:bandwidth unit="nm">15</img:bandwidth>
                    <img:center_filter_wavelength unit="nm">360</img:center_filter_wavelength>
                    <img:comment>PHI from 360 nm filter</img:comment>
                </img:Optical_Filter>
                
                <img:Optical_Filter>
                    <img:filter_name>415</img:filter_name>
                    <img:bandwidth unit="nm">36</img:bandwidth>
                    <img:center_filter_wavelength unit="nm">415</img:center_filter_wavelength>
                    <img:comment>W from 415 nm filter</img:comment>
                </img:Optical_Filter>
                <img:Optical_Filter>
                    <img:filter_name>415</img:filter_name>
                    <img:bandwidth unit="nm">36</img:bandwidth>
                    <img:center_filter_wavelength unit="nm">415</img:center_filter_wavelength>
                    <img:comment>B from 415 nm filter</img:comment>
                </img:Optical_Filter>
                <img:Optical_Filter>
                    <img:filter_name>415</img:filter_name>
                    <img:bandwidth unit="nm">36</img:bandwidth>
                    <img:center_filter_wavelength unit="nm">415</img:center_filter_wavelength>
                    <img:comment>C from 415 nm filter</img:comment>
                </img:Optical_Filter>
                <img:Optical_Filter>
                    <img:filter_name>415</img:filter_name>
                    <img:bandwidth unit="nm">36</img:bandwidth>
                    <img:center_filter_wavelength unit="nm">415</img:center_filter_wavelength>
                    <img:comment>BCO from 415 nm filter</img:comment>
                </img:Optical_Filter>
                <img:Optical_Filter>
                    <img:filter_name>415</img:filter_name>
                    <img:bandwidth unit="nm">36</img:bandwidth>
                    <img:center_filter_wavelength unit="nm">415</img:center_filter_wavelength>
                    <img:comment>HC from 415 nm filter</img:comment>
                </img:Optical_Filter>
                <img:Optical_Filter>
                    <img:filter_name>415</img:filter_name>
                    <img:bandwidth unit="nm">36</img:bandwidth>
                    <img:center_filter_wavelength unit="nm">415</img:center_filter_wavelength>
                    <img:comment>BSO from 415 nm filter</img:comment>
                </img:Optical_Filter>
                <img:Optical_Filter>
                    <img:filter_name>415</img:filter_name>
                    <img:bandwidth unit="nm">36</img:bandwidth>
                    <img:center_filter_wavelength unit="nm">415</img:center_filter_wavelength>
                    <img:comment>HS from 415 nm filter</img:comment>
                </img:Optical_Filter>
                <img:Optical_Filter>
                    <img:filter_name>415</img:filter_name>
                    <img:bandwidth unit="nm">36</img:bandwidth>
                    <img:center_filter_wavelength unit="nm">415</img:center_filter_wavelength>
                    <img:comment>THETA from 415 nm filter</img:comment>
                </img:Optical_Filter>
                <img:Optical_Filter>
                    <img:filter_name>415</img:filter_name>
                    <img:bandwidth unit="nm">36</img:bandwidth>
                    <img:center_filter_wavelength unit="nm">415</img:center_filter_wavelength>
                    <img:comment>PHI from 415 nm filter</img:comment>
                </img:Optical_Filter>
                
                <img:Optical_Filter>
                    <img:filter_name>566</img:filter_name>
                    <img:bandwidth unit="nm">20</img:bandwidth>
                    <img:center_filter_wavelength unit="nm">566</img:center_filter_wavelength>
                    <img:comment>W from 566 nm filter</img:comment>
                </img:Optical_Filter>
                <img:Optical_Filter>
                    <img:filter_name>566</img:filter_name>
                    <img:bandwidth unit="nm">20</img:bandwidth>
                    <img:center_filter_wavelength unit="nm">566</img:center_filter_wavelength>
                    <img:comment>B from 566 nm filter</img:comment>
                </img:Optical_Filter>
                <img:Optical_Filter>
                    <img:filter_name>566</img:filter_name>
                    <img:bandwidth unit="nm">20</img:bandwidth>
                    <img:center_filter_wavelength unit="nm">566</img:center_filter_wavelength>
                    <img:comment>C from 566 nm filter</img:comment>
                </img:Optical_Filter>
                <img:Optical_Filter>
                    <img:filter_name>566</img:filter_name>
                    <img:bandwidth unit="nm">20</img:bandwidth>
                    <img:center_filter_wavelength unit="nm">566</img:center_filter_wavelength>
                    <img:comment>BCO from 566 nm filter</img:comment>
                </img:Optical_Filter>
                <img:Optical_Filter>
                    <img:filter_name>566</img:filter_name>
                    <img:bandwidth unit="nm">20</img:bandwidth>
                    <img:center_filter_wavelength unit="nm">566</img:center_filter_wavelength>
                    <img:comment>HC from 566 nm filter</img:comment>
                </img:Optical_Filter>
                <img:Optical_Filter>
                    <img:filter_name>566</img:filter_name>
                    <img:bandwidth unit="nm">20</img:bandwidth>
                    <img:center_filter_wavelength unit="nm">566</img:center_filter_wavelength>
                    <img:comment>BSO from 566 nm filter</img:comment>
                </img:Optical_Filter>
                <img:Optical_Filter>
                    <img:filter_name>566</img:filter_name>
                    <img:bandwidth unit="nm">20</img:bandwidth>
                    <img:center_filter_wavelength unit="nm">566</img:center_filter_wavelength>
                    <img:comment>HS from 566 nm filter</img:comment>
                </img:Optical_Filter>
                <img:Optical_Filter>
                    <img:filter_name>566</img:filter_name>
                    <img:bandwidth unit="nm">20</img:bandwidth>
                    <img:center_filter_wavelength unit="nm">566</img:center_filter_wavelength>
                    <img:comment>THETA from 566 nm filter</img:comment>
                </img:Optical_Filter>
                <img:Optical_Filter>
                    <img:filter_name>566</img:filter_name>
                    <img:bandwidth unit="nm">20</img:bandwidth>
                    <img:center_filter_wavelength unit="nm">566</img:center_filter_wavelength>
                    <img:comment>PHI from 566 nm filter</img:comment>
                </img:Optical_Filter>
                
                <img:Optical_Filter>
                    <img:filter_name>604</img:filter_name>
                    <img:bandwidth unit="nm">20</img:bandwidth>
                    <img:center_filter_wavelength unit="nm">604</img:center_filter_wavelength>
                    <img:comment>W from 604 nm filter</img:comment>
                </img:Optical_Filter>
                <img:Optical_Filter>
                    <img:filter_name>604</img:filter_name>
                    <img:bandwidth unit="nm">20</img:bandwidth>
                    <img:center_filter_wavelength unit="nm">604</img:center_filter_wavelength>
                    <img:comment>B from 604 nm filter</img:comment>
                </img:Optical_Filter>
                <img:Optical_Filter>
                    <img:filter_name>604</img:filter_name>
                    <img:bandwidth unit="nm">20</img:bandwidth>
                    <img:center_filter_wavelength unit="nm">604</img:center_filter_wavelength>
                    <img:comment>C from 604 nm filter</img:comment>
                </img:Optical_Filter>
                <img:Optical_Filter>
                    <img:filter_name>604</img:filter_name>
                    <img:bandwidth unit="nm">20</img:bandwidth>
                    <img:center_filter_wavelength unit="nm">604</img:center_filter_wavelength>
                    <img:comment>BCO from 604 nm filter</img:comment>
                </img:Optical_Filter>
                <img:Optical_Filter>
                    <img:filter_name>604</img:filter_name>
                    <img:bandwidth unit="nm">20</img:bandwidth>
                    <img:center_filter_wavelength unit="nm">604</img:center_filter_wavelength>
                    <img:comment>HC from 604 nm filter</img:comment>
                </img:Optical_Filter>
                <img:Optical_Filter>
                    <img:filter_name>604</img:filter_name>
                    <img:bandwidth unit="nm">20</img:bandwidth>
                    <img:center_filter_wavelength unit="nm">604</img:center_filter_wavelength>
                    <img:comment>BSO from 604 nm filter</img:comment>
                </img:Optical_Filter>
                <img:Optical_Filter>
                    <img:filter_name>604</img:filter_name>
                    <img:bandwidth unit="nm">20</img:bandwidth>
                    <img:center_filter_wavelength unit="nm">604</img:center_filter_wavelength>
                    <img:comment>HS from 604 nm filter</img:comment>
                </img:Optical_Filter>
                <img:Optical_Filter>
                    <img:filter_name>604</img:filter_name>
                    <img:bandwidth unit="nm">20</img:bandwidth>
                    <img:center_filter_wavelength unit="nm">604</img:center_filter_wavelength>
                    <img:comment>THETA from 604 nm filter</img:comment>
                </img:Optical_Filter>
                <img:Optical_Filter>
                    <img:filter_name>604</img:filter_name>
                    <img:bandwidth unit="nm">20</img:bandwidth>
                    <img:center_filter_wavelength unit="nm">604</img:center_filter_wavelength>
                    <img:comment>PHI from 604 nm filter</img:comment>
                </img:Optical_Filter>
                
                <img:Optical_Filter>
                    <img:filter_name>643</img:filter_name>
                    <img:bandwidth unit="nm">23</img:bandwidth>
                    <img:center_filter_wavelength unit="nm">643</img:center_filter_wavelength>
                    <img:comment>W from 643 nm filter</img:comment>
                </img:Optical_Filter>
                <img:Optical_Filter>
                    <img:filter_name>643</img:filter_name>
                    <img:bandwidth unit="nm">23</img:bandwidth>
                    <img:center_filter_wavelength unit="nm">643</img:center_filter_wavelength>
                    <img:comment>B from 643 nm filter</img:comment>
                </img:Optical_Filter>
                <img:Optical_Filter>
                    <img:filter_name>643</img:filter_name>
                    <img:bandwidth unit="nm">23</img:bandwidth>
                    <img:center_filter_wavelength unit="nm">643</img:center_filter_wavelength>
                    <img:comment>C from 643 nm filter</img:comment>
                </img:Optical_Filter>
                <img:Optical_Filter>
                    <img:filter_name>643</img:filter_name>
                    <img:bandwidth unit="nm">23</img:bandwidth>
                    <img:center_filter_wavelength unit="nm">643</img:center_filter_wavelength>
                    <img:comment>BCO from 643 nm filter</img:comment>
                </img:Optical_Filter>
                <img:Optical_Filter>
                    <img:filter_name>643</img:filter_name>
                    <img:bandwidth unit="nm">23</img:bandwidth>
                    <img:center_filter_wavelength unit="nm">643</img:center_filter_wavelength>
                    <img:comment>HC from 643 nm filter</img:comment>
                </img:Optical_Filter>
                <img:Optical_Filter>
                    <img:filter_name>643</img:filter_name>
                    <img:bandwidth unit="nm">23</img:bandwidth>
                    <img:center_filter_wavelength unit="nm">643</img:center_filter_wavelength>
                    <img:comment>BSO from 643 nm filter</img:comment>
                </img:Optical_Filter>
                <img:Optical_Filter>
                    <img:filter_name>643</img:filter_name>
                    <img:bandwidth unit="nm">23</img:bandwidth>
                    <img:center_filter_wavelength unit="nm">643</img:center_filter_wavelength>
                    <img:comment>HS from 643 nm filter</img:comment>
                </img:Optical_Filter>
                <img:Optical_Filter>
                    <img:filter_name>643</img:filter_name>
                    <img:bandwidth unit="nm">23</img:bandwidth>
                    <img:center_filter_wavelength unit="nm">643</img:center_filter_wavelength>
                    <img:comment>THETA from 643 nm filter</img:comment>
                </img:Optical_Filter>
                <img:Optical_Filter>
                    <img:filter_name>643</img:filter_name>
                    <img:bandwidth unit="nm">23</img:bandwidth>
                    <img:center_filter_wavelength unit="nm">643</img:center_filter_wavelength>
                    <img:comment>PHI from 643 nm filter</img:comment>
                </img:Optical_Filter>
                
                <img:Optical_Filter>
                    <img:filter_name>689</img:filter_name>
                    <img:bandwidth unit="nm">39</img:bandwidth>
                    <img:center_filter_wavelength unit="nm">689</img:center_filter_wavelength>
                    <img:comment>W from 689 nm filter</img:comment>
                </img:Optical_Filter>
                <img:Optical_Filter>
                    <img:filter_name>689</img:filter_name>
                    <img:bandwidth unit="nm">39</img:bandwidth>
                    <img:center_filter_wavelength unit="nm">689</img:center_filter_wavelength>
                    <img:comment>B from 689 nm filter</img:comment>
                </img:Optical_Filter>
                <img:Optical_Filter>
                    <img:filter_name>689</img:filter_name>
                    <img:bandwidth unit="nm">39</img:bandwidth>
                    <img:center_filter_wavelength unit="nm">689</img:center_filter_wavelength>
                    <img:comment>C from 689 nm filter</img:comment>
                </img:Optical_Filter>
                <img:Optical_Filter>
                    <img:filter_name>689</img:filter_name>
                    <img:bandwidth unit="nm">39</img:bandwidth>
                    <img:center_filter_wavelength unit="nm">689</img:center_filter_wavelength>
                    <img:comment>BCO from 689 nm filter</img:comment>
                </img:Optical_Filter>
                <img:Optical_Filter>
                    <img:filter_name>689</img:filter_name>
                    <img:bandwidth unit="nm">39</img:bandwidth>
                    <img:center_filter_wavelength unit="nm">689</img:center_filter_wavelength>
                    <img:comment>HC from 689 nm filter</img:comment>
                </img:Optical_Filter>
                <img:Optical_Filter>
                    <img:filter_name>689</img:filter_name>
                    <img:bandwidth unit="nm">39</img:bandwidth>
                    <img:center_filter_wavelength unit="nm">689</img:center_filter_wavelength>
                    <img:comment>BSO from 689 nm filter</img:comment>
                </img:Optical_Filter>
                <img:Optical_Filter>
                    <img:filter_name>689</img:filter_name>
                    <img:bandwidth unit="nm">39</img:bandwidth>
                    <img:center_filter_wavelength unit="nm">689</img:center_filter_wavelength>
                    <img:comment>HS from 689 nm filter</img:comment>
                </img:Optical_Filter>
                <img:Optical_Filter>
                    <img:filter_name>689</img:filter_name>
                    <img:bandwidth unit="nm">39</img:bandwidth>
                    <img:center_filter_wavelength unit="nm">689</img:center_filter_wavelength>
                    <img:comment>THETA from 689 nm filter</img:comment>
                </img:Optical_Filter>
                <img:Optical_Filter>
                    <img:filter_name>689</img:filter_name>
                    <img:bandwidth unit="nm">39</img:bandwidth>
                    <img:center_filter_wavelength unit="nm">689</img:center_filter_wavelength>
                    <img:comment>PHI from 689 nm filter</img:comment>
                </img:Optical_Filter>
                
                <img:Sampling>
                    <img:sample_bit_mask>2#11111111111111111111111111111111#</img:sample_bit_mask>
                </img:Sampling>
                
            </img:Imaging>  
            <cart:Cartography>
                <Local_Internal_Reference>
                    <local_identifier_reference>DATA_FILE</local_identifier_reference>
                    <local_reference_type>cartography_parameters_to_image_object</local_reference_type>
                </Local_Internal_Reference>
                <cart:Spatial_Domain>
                    <cart:Bounding_Coordinates>
                        <cart:west_bounding_coordinate unit="deg">0.0</cart:west_bounding_coordinate>
                        <cart:east_bounding_coordinate unit="deg">360.0</cart:east_bounding_coordinate>
                        <cart:north_bounding_coordinate unit="deg">70.0</cart:north_bounding_coordinate>
                        <cart:south_bounding_coordinate unit="deg">-70.0</cart:south_bounding_coordinate>
                    </cart:Bounding_Coordinates>
                </cart:Spatial_Domain>               
                <cart:Spatial_Reference_Information>
                    <cart:Horizontal_Coordinate_System_Definition>
                        <cart:Planar>
                            <cart:Map_Projection>
                                <cart:map_projection_name>Equirectangular</cart:map_projection_name>
                                <cart:Equirectangular>
                                    <cart:standard_parallel_1 unit="deg">0.0</cart:standard_parallel_1>
                                    <cart:longitude_of_central_meridian unit="deg">0.0</cart:longitude_of_central_meridian>
                                </cart:Equirectangular>
                                <!-- A specific description of this projection may be found in DSMAP.CAT in the CATALOG directory -->
                            </cart:Map_Projection>
                            <cart:Planar_Coordinate_Information>
                                <cart:planar_coordinate_encoding_method>Coordinate Pair</cart:planar_coordinate_encoding_method>
                                <cart:Coordinate_Representation>
                                    <cart:pixel_resolution_x unit="m/pixel">30323.350424149</cart:pixel_resolution_x>
                                    <cart:pixel_resolution_y unit="m/pixel">30323.350424149</cart:pixel_resolution_y>
                                    <cart:pixel_scale_x unit="pixel/deg">1.0</cart:pixel_scale_x>
                                    <cart:pixel_scale_y unit="pixel/deg">1.0</cart:pixel_scale_y>
                                </cart:Coordinate_Representation>
                            </cart:Planar_Coordinate_Information>
                            <cart:Geo_Transformation>
                                <cart:upperleft_corner_x unit="m">0.0</cart:upperleft_corner_x>
                                <cart:upperleft_corner_y unit="m">2122634.5296905</cart:upperleft_corner_y>
                            </cart:Geo_Transformation>
                        </cart:Planar>
                        <cart:Geodetic_Model>
                            <cart:latitude_type>Planetocentric</cart:latitude_type>
                            <cart:a_axis_radius unit="km">1737.4</cart:a_axis_radius>
                            <cart:b_axis_radius unit="km">1737.4</cart:b_axis_radius>
                            <cart:c_axis_radius unit="km">1737.4</cart:c_axis_radius>
                            <cart:longitude_direction>Positive East</cart:longitude_direction>
                        </cart:Geodetic_Model>
                    </cart:Horizontal_Coordinate_System_Definition>
                </cart:Spatial_Reference_Information>
            </cart:Cartography>
            
            <disp:Display_Settings>
                <Local_Internal_Reference>
                    <local_identifier_reference>Array_3D_Image</local_identifier_reference>
                    <local_reference_type>display_settings_to_array</local_reference_type>
                </Local_Internal_Reference>
                <disp:Display_Direction>
                    <disp:horizontal_display_axis>Sample</disp:horizontal_display_axis>
                    <disp:horizontal_display_direction>Left to Right</disp:horizontal_display_direction>
                    <disp:vertical_display_axis>Line</disp:vertical_display_axis>
                    <disp:vertical_display_direction>Top to Bottom</disp:vertical_display_direction>
                </disp:Display_Direction>
            </disp:Display_Settings>
        </Discipline_Area>
    </Observation_Area>
    <Reference_List>
        <External_Reference>
            <doi>10.1007/s11214-010-9634-2</doi>
            <reference_text>Robinson, M. S.; Brylow, S. M.; Tschimmel, M.; Humm, D.; Lawrence, S. J.; Thomas, P. C.; 
                Denevi, B. W.; Bowman-Cisneros, E.; Zerr, J.; Ravine, M. A.; Caplinger, M. A.; Ghaemi, F. T.; Schaffner, J. A.; 
                Malin, M. C.; Mahanti, P.; Bartels, A.; Anderson, J.; Tran, T. N.; Eliason, E. M.; McEwen, A. S. Turtle, E.; 
                Jolliff, B. L.; Hiesinger, H., 2010, "Lunar Reconnaissance Orbiter Camera (LROC) Instrument Overview", Space 
                Science Reviews, Volume 150, Issue 1-4, pp. 81-124
            </reference_text>
            <description>instrument overview</description>
        </External_Reference>
    </Reference_List>
    <File_Area_Observational>
        <File>
            <file_name>WAC_HAPKEPARAMMAP_7BAND.IMG</file_name>
            <local_identifier>DATA_FILE</local_identifier>
            <creation_date_time>2019-06-07T23:03:03Z</creation_date_time>
            <file_size unit="byte">1270800</file_size>
            <md5_checksum>f145edcb39ccdefa5f4b124854fb9e82</md5_checksum>
            <comment>LUNAR RECONNAISSANCE ORBITER CAMERA WAC HAPKE PARAMETER MAP</comment>
        </File>
        <Header>
            <offset unit="byte">0</offset>
            <object_length unit="byte">7200</object_length>
            <parsing_standard_id>PDS3</parsing_standard_id>
            <description>PDS3 attached header</description>
        </Header>
        <Array_3D_Image>
            <local_identifier>Array_3D_Image</local_identifier>
            <offset unit="byte">7200</offset>
            <axes>3</axes>
            <axis_index_order>Last Index Fastest</axis_index_order>
            <Element_Array>
                <data_type>IEEE754LSBSingle</data_type>
            </Element_Array>
            <Axis_Array>
                <axis_name>Band</axis_name>
                <elements>63</elements>
                <sequence_number>1</sequence_number>
            </Axis_Array>
            <Axis_Array>
                <axis_name>Line</axis_name>
                    <elements>140</elements>
                <sequence_number>2</sequence_number>
            </Axis_Array>
            <Axis_Array>
                <axis_name>Sample</axis_name>
                <elements>360</elements>
                <sequence_number>3</sequence_number>
            </Axis_Array>
            <Special_Constants>
                <missing_constant>-3.4028226550889045e+38</missing_constant><!-- PDS4 viewer does not like 16#FF7FFFFB# -->
                <high_instrument_saturation>-3.4028232635611926e+38</high_instrument_saturation><!-- 16#FF7FFFFE# -->
                <high_representation_saturation>-3.4028234663852886e+38</high_representation_saturation><!-- 16#FF7FFFFF# -->
                <low_instrument_saturation>-3.4028230607370965e+38</low_instrument_saturation><!-- 16#FF7FFFFD# -->
                <low_representation_saturation>-3.4028228579130005e+38</low_representation_saturation><!-- 16#FF7FFFFC# -->
            </Special_Constants>
        </Array_3D_Image>
    </File_Area_Observational>

</Product_Observational>